{
    "volatility_regime":0.0534436884,
    "rsi_14":0.0246839662,
    "atr_14":0.0240671736,
    "vol_ratio":0.0150035136,
    "bb_position":0.0141535266,
    "vol_momentum":0.0120172267,
    "upper_wick":0.0116125376,
    "normalised_ema15":0.0066818097,
    "ema_cross":0.0063022356,
    "high_return":0.0053211901,
    "hl_spread":0.0027992675,
    "log_return_4":0.0016076214,
    "open_return":0.0016045161,
    "normalised_ema50":0.0010917758,
    "return_4":0.0002999527,
    "oc_spread":-0.0004296597,
    "low_return":-0.0005086511,
    "log_return":-0.0006514159,
    "lower_wick":-0.000812668,
    "close_return":-0.000828232,
    "bb_width":-0.0009054766,
    "return":-0.0015270103,
    "macd_hist":-0.0020926725
}