{
    "volatility_regime":0.0092238355,
    "vol_momentum":0.0059348655,
    "dist_ema50":0.0033147478,
    "vol_ratio":0.0031960273,
    "adx_direction":0.0020775223,
    "lower_wick":0.0017046881,
    "macd_hist":0.0015628004,
    "low_return":0.0005328751,
    "bb_width":0.0001147962,
    "ema_cross":0.0000485849,
    "upper_wick":-0.000044167,
    "vol_return":-0.0000877023,
    "high_return":-0.0002350211,
    "hl_spread":-0.0003481293,
    "smooth_return":-0.0006398773,
    "rsi_14":-0.0006998134,
    "dist_ema15":-0.0015795755
}