{
    "ema_cross":0.023209508,
    "rsi_14":0.0181196494,
    "vol_momentum":0.013287345,
    "lower_wick":0.011936009,
    "normalised_ema50":0.0114709693,
    "vol_ratio":0.0108301466,
    "bb_position":0.0096809374,
    "normalised_ema15":0.0079959907,
    "macd_hist":0.0078182874,
    "hl_spread":0.0056354189,
    "bb_width":0.0052090879,
    "atr_14":0.0041572382,
    "close_return":0.0039828159,
    "low_return":0.0037934143,
    "return":0.0037701535,
    "log_return_4":0.003107946,
    "upper_wick":0.0028196035,
    "return_4":0.0026690591,
    "volatility_regime":0.0023444061,
    "oc_spread":0.0021366744,
    "open_return":0.0006959615,
    "log_return":0.0004840047,
    "high_return":-0.0001198402
}