{
    "volatility_regime":0.009439137,
    "dist_ema15":0.0047047591,
    "vol_momentum":0.004039197,
    "vol_ratio":0.0025520205,
    "lower_wick":0.002039814,
    "hl_spread":0.0018858576,
    "dist_ema50":0.0017905903,
    "bb_width":0.0015813351,
    "bb_position":0.0014752269,
    "adx_direction":0.0012323093,
    "smooth_return":0.0008797359,
    "oc_spread":0.0008011746,
    "dist_ema100":0.0006575656,
    "atr_14":0.0006418753,
    "close_return":0.0006190324,
    "upper_wick":0.0004245424,
    "rsi_14":0.0002766466,
    "high_return":0.0002745152,
    "macd_hist":0.0000908947,
    "vol_return":-0.0000369477,
    "low_return":-0.0000384212,
    "open_return":-0.0006124568,
    "ema_cross":-0.0009619713
}