{
    "close_return":0.007804984,
    "dist_ema50":0.0070747609,
    "macd_hist":0.0068313533,
    "smooth_return":0.0065676615,
    "upper_wick":0.0024818892,
    "lower_wick":0.0023196176,
    "atr_14":0.0022631119,
    "rsi_14":0.0021602433,
    "low_return":0.0021529991,
    "dist_ema15":0.0001506809,
    "oc_spread":-0.0006968995,
    "bb_position":-0.0010127499,
    "volatility_regime":-0.0043798902,
    "vol_return":-0.0049666764,
    "vol_momentum":-0.0071457554,
    "open_return":-0.0077383365,
    "hl_spread":-0.0078223704,
    "bb_width":-0.0081816863,
    "high_return":-0.0087757171,
    "ema_cross":-0.0091567662,
    "vol_ratio":-0.0102839761
}