{
    "lower_wick":0.0139756592,
    "volatility_regime":0.0126774848,
    "dist_ema50":0.0123225152,
    "bb_width":0.0096044625,
    "dist_ema15":0.0068661258,
    "vol_momentum":0.0060141988,
    "atr_14":0.0057302231,
    "macd_hist":0.0055679513,
    "close_return":0.0054158215,
    "vol_return":0.0045943205,
    "noise":0.0039452333,
    "oc_spread":0.0029918864,
    "low_return":0.0029614604,
    "ema_cross":0.0026267748,
    "hl_spread":0.0022718053,
    "rsi_14":0.0017241379,
    "upper_wick":0.0009533469,
    "open_return":0.000851927,
    "vol_ratio":-0.000831643,
    "high_return":-0.0048073022,
    "bb_position":-0.0058924949
}