{
    "xgb_2":0.0227443408,
    "xgb_0":0.018031583,
    "normalised_ema15":0.0141087757,
    "normalised_ema50":0.0133369022,
    "ema_cross":0.0130581711,
    "vol_momentum":0.008947251,
    "macd_hist":0.0074449188,
    "return_4":0.0070808576,
    "vol_ratio":0.0053449958,
    "bb_width":0.0052849131,
    "hl_spread":0.0052086076,
    "oc_spread":0.0044294212,
    "return":0.0042998149,
    "upper_wick":0.0030232646,
    "atr_14":0.0029281836,
    "lower_wick":0.002909816,
    "log_return_4":0.0011513289,
    "log_return":-0.0008511228,
    "bb_position":-0.0030001628,
    "volatility_regime":-0.0032464862,
    "rsi_14":-0.0044506447,
    "xgb_1":-0.0361659339
}