{
    "rsi_14":0.0276594146,
    "ema_cross":0.0237399179,
    "vol_momentum":0.0170330522,
    "bb_width":0.0169854205,
    "vol_ratio":0.0155491746,
    "normalised_ema50":0.013485163,
    "atr_14":0.0122471627,
    "bb_position":0.0092544265,
    "normalised_ema15":0.008895289,
    "low_return":0.0087173775,
    "lower_wick":0.008135779,
    "upper_wick":0.0063918021,
    "macd_hist":0.0060534389,
    "oc_spread":0.0054853436,
    "high_return":0.0053371735,
    "return":0.0052560991,
    "volatility_regime":0.0051314409,
    "hl_spread":0.0045978354,
    "open_return":0.0035850521,
    "close_return":0.0035488299,
    "log_return_4":0.0025278692,
    "return_4":0.0023081226,
    "log_return":0.0005176021
}