{
    "vol_ratio":0.0111051529,
    "ema_cross":0.0077006639,
    "rsi_14":0.0076899422,
    "volatility_regime":0.006920119,
    "vol_momentum":0.0063674649,
    "normalised_ema50":0.0060578092,
    "lower_wick":0.0041283783,
    "bb_width":0.0039482438,
    "macd_hist":0.0020883071,
    "upper_wick":0.0018266387,
    "normalised_ema15":0.0016254992,
    "return_4":0.0014038211,
    "oc_spread":0.0002822796,
    "hl_spread":0.0000564373,
    "open_return":0.0000167097,
    "high_return":-0.0002801991,
    "low_return":-0.0002822287,
    "close_return":-0.0004269795,
    "log_return_4":-0.0008012698,
    "log_return":-0.0009775046,
    "return":-0.0009806111,
    "atr_14":-0.0018501298,
    "bb_position":-0.0045799149
}