{
    "atr_14":0.0344431925,
    "volatility_regime":0.0050653172,
    "adx_direction":0.0042761564,
    "bb_width":0.0035528898,
    "ema_cross":0.0032994485,
    "vol_momentum":0.0021847916,
    "rsi_14":0.001991384,
    "dist_ema15":0.0014224648,
    "lower_wick":0.0012270617,
    "high_return":0.0011644363,
    "vol_ratio":0.0011272836,
    "low_return":0.0007265544,
    "macd_hist":0.0007172632,
    "upper_wick":0.0006524634,
    "smooth_return":0.0002843881,
    "oc_spread":0.000058744,
    "vol_return":-0.0000196886,
    "dist_ema50":-0.0001679516,
    "close_return":-0.0004452538,
    "bb_position":-0.000568819,
    "hl_spread":-0.0008932233,
    "dist_ema100":-0.0013093257,
    "open_return":-0.002244153
}