{
    "xgb_2":0.0351457055,
    "atr_14":0.0335985303,
    "rsi_14":0.010413081,
    "xgb_0":0.0103496288,
    "hl_spread":0.0071523865,
    "ema_cross":0.0067479899,
    "normalised_ema50":0.0050804289,
    "vol_momentum":0.0043583137,
    "macd_hist":0.0040514625,
    "upper_wick":0.0034610678,
    "vol_ratio":0.0020813015,
    "volatility_regime":0.0017440801,
    "bb_position":0.0015579259,
    "return_4":0.0004415091,
    "log_return_4":-0.0010144334,
    "lower_wick":-0.0023465944,
    "log_return":-0.0034015033,
    "return":-0.0042418273,
    "bb_width":-0.0042777311,
    "oc_spread":-0.0046056922,
    "normalised_ema15":-0.0090786562,
    "xgb_1":-0.0140011226
}