{
    "dist_ema15":0.0105521473,
    "dist_ema50":0.0095807777,
    "ema_cross":0.0057464219,
    "volatility_regime":0.0053578677,
    "low_return":0.0053271983,
    "vol_momentum":0.0045807775,
    "bb_position":0.0028118614,
    "macd_hist":0.0026687121,
    "high_return":0.0016462166,
    "vol_return":0.0004805729,
    "bb_width":0.0003885472,
    "noise":0.000306747,
    "vol_ratio":0.000286298,
    "upper_wick":-0.0004601232,
    "open_return":-0.0008486716,
    "close_return":-0.0008895707,
    "lower_wick":-0.0017484664,
    "atr_14":-0.0023824138,
    "oc_spread":-0.0028834353,
    "hl_spread":-0.0031697346,
    "rsi_14":-0.0040593049
}