{
    "volatility_regime":0.0073180818,
    "ema_cross":0.0025039432,
    "adx_direction":0.001677351,
    "vol_momentum":0.001387818,
    "vol_ratio":0.0012273658,
    "dist_ema15":0.0010385037,
    "upper_wick":0.0007518006,
    "low_return":0.0007203023,
    "lower_wick":0.0006195542,
    "bb_width":0.0004035988,
    "dist_ema50":0.0002625693,
    "atr_14":0.0002287877,
    "vol_return":0.0000213292,
    "hl_spread":-0.0000976859,
    "dist_ema100":-0.0001425352,
    "oc_spread":-0.0002647788,
    "open_return":-0.0003069157,
    "smooth_return":-0.0004223959,
    "high_return":-0.0005026654,
    "close_return":-0.0009635919,
    "rsi_14":-0.0010490853,
    "macd_hist":-0.0011617194,
    "bb_position":-0.0014072501
}