{
    "vol_ratio":0.0055909599,
    "volatility_regime":0.0053964111,
    "ema_cross":0.0027743524,
    "upper_wick":0.0020264366,
    "rsi_14":0.0018884799,
    "atr_14":0.0018780278,
    "open_return":0.001262788,
    "dist_ema15":0.0012109509,
    "lower_wick":0.0008672162,
    "smooth_return":0.00085433,
    "vol_momentum":0.00074609,
    "adx_direction":0.0007351495,
    "vol_return":0.0003461898,
    "close_return":0.000326618,
    "hl_spread":-0.0003588531,
    "low_return":-0.0008547219,
    "oc_spread":-0.001045271,
    "macd_hist":-0.0014322086,
    "high_return":-0.0014874377,
    "dist_ema50":-0.0016046293,
    "dist_ema100":-0.0019092117,
    "bb_position":-0.001969673,
    "bb_width":-0.002266597
}