{
    "volatility_regime":0.0053861117,
    "vol_momentum":0.0049425673,
    "adx_direction":0.0029105377,
    "dist_ema50":0.0026380992,
    "dist_ema15":0.0025529361,
    "atr_14":0.0020408654,
    "bb_width":0.0015479636,
    "vol_ratio":0.001398468,
    "lower_wick":0.0012436914,
    "rsi_14":0.0011912656,
    "low_return":0.0011321974,
    "ema_cross":0.0006339645,
    "oc_spread":0.0001331377,
    "bb_position":0.000116961,
    "close_return":-0.0001408267,
    "vol_return":-0.0001738667,
    "smooth_return":-0.0001865029,
    "hl_spread":-0.000465548,
    "upper_wick":-0.0004890561,
    "macd_hist":-0.0006757569,
    "high_return":-0.0007206106,
    "open_return":-0.0018030167,
    "dist_ema100":-0.0019937992
}