{
    "volatility_regime":0.0076437091,
    "adx_direction":0.0046275115,
    "atr_14":0.0042018936,
    "vol_momentum":0.0022549934,
    "ema_cross":0.0019421512,
    "vol_ratio":0.0017261858,
    "upper_wick":0.0014027649,
    "dist_low":0.0011830101,
    "bb_position":0.0011296986,
    "low_return":0.000648827,
    "dist_ema100":0.000335161,
    "lower_wick":0.0000883903,
    "vol_return":-0.0000389686,
    "oc_spread":-0.0000423353,
    "dist_high":-0.000180434,
    "open_return":-0.0002056872,
    "macd_hist":-0.0002649915,
    "smooth_return":-0.0005101836,
    "hl_spread":-0.0005719363,
    "dist_ema50":-0.0005823085,
    "dist_smooth":-0.0009080264,
    "high_return":-0.001357441,
    "bb_width":-0.0013680522,
    "close_return":-0.0017577214,
    "rsi_14":-0.0021935794,
    "dist_ema15":-0.002557903
}