{
    "atr_14":0.0194915621,
    "hl_spread":0.0080460183,
    "rsi_14":0.007463694,
    "bb_width":0.004616781,
    "normalised_ema50":0.0045582309,
    "vol_ratio":0.0042048436,
    "vol_momentum":0.00387968,
    "upper_wick":0.0031845754,
    "normalised_ema15":0.0015664959,
    "high_return":0.0009904018,
    "log_return":0.0003333105,
    "oc_spread":0.0003279489,
    "lower_wick":0.0003254904,
    "open_return":-0.000100077,
    "low_return":-0.0001034002,
    "return":-0.0001202265,
    "return_4":-0.0001903243,
    "log_return_4":-0.0005881786,
    "macd_hist":-0.0010967596,
    "close_return":-0.0013086152,
    "ema_cross":-0.0026111975,
    "volatility_regime":-0.0059007325,
    "bb_position":-0.0099775184
}