{
    "normalised_ema15":0.0127954241,
    "lower_wick":0.0100950914,
    "rsi_14":0.0066248639,
    "upper_wick":0.0061176099,
    "volatility_regime":0.0049600496,
    "vol_ratio":0.0037186045,
    "vol_momentum":0.003079634,
    "return":0.0019865126,
    "atr_14":0.0019028799,
    "high_return":0.0015407237,
    "close_return":0.0014617635,
    "oc_spread":0.0014133022,
    "ema_cross":0.0013735494,
    "hl_spread":0.0003263403,
    "open_return":-0.0004887556,
    "log_return":-0.0006860447,
    "return_4":-0.0007194632,
    "macd_hist":-0.0007301815,
    "log_return_4":-0.0012554074,
    "bb_width":-0.0012596636,
    "low_return":-0.0022042862,
    "normalised_ema50":-0.0047248876,
    "bb_position":-0.0126122636
}