{
    "ema_cross":0.0294710055,
    "normalised_ema50":0.0206609481,
    "normalised_ema15":0.0170418167,
    "high_return":0.014650292,
    "close_return":0.0145198008,
    "return":0.0144246476,
    "oc_spread":0.0137752303,
    "macd_hist":0.0135248997,
    "open_return":0.013457554,
    "rsi_14":0.0134245802,
    "low_return":0.0132639328,
    "log_return":0.0131666628,
    "lower_wick":0.0117780117,
    "return_4":0.0105534066,
    "log_return_4":0.0102493914,
    "upper_wick":0.0102107729,
    "volatility_regime":0.0097702015,
    "vol_momentum":0.0091794842,
    "bb_width":0.0083333057,
    "atr_14":0.0074768645,
    "vol_ratio":0.0060507002,
    "hl_spread":0.0042346949,
    "bb_position":0.0027861497
}