{
    "xgb_1":0.0141096304,
    "atr_14":0.0107468047,
    "ema_cross":0.0075659827,
    "xgb_2":0.0061090336,
    "normalised_ema50":0.0024206755,
    "volatility_regime":0.0020683958,
    "rsi_14":0.001727108,
    "bb_position":0.0014476438,
    "return":0.001210428,
    "bb_width":0.0010309626,
    "log_return":0.0009078374,
    "normalised_ema15":0.0008475443,
    "return_4":0.0006406254,
    "macd_hist":0.000462351,
    "oc_spread":0.0001374936,
    "vol_momentum":-0.0001443239,
    "log_return_4":-0.0006861525,
    "vol_ratio":-0.0010362885,
    "upper_wick":-0.0017571423,
    "xgb_0":-0.0022473452,
    "lower_wick":-0.0029087768,
    "hl_spread":-0.0093007443
}