{
    "atr_14":0.031857524,
    "xgb_1":0.0192755409,
    "xgb_2":0.0097588844,
    "normalised_ema15":0.0037820736,
    "volatility_regime":0.0032890689,
    "hl_spread":0.0032534844,
    "log_return_4":0.0029463419,
    "normalised_ema50":0.0027681222,
    "ema_cross":0.0026236545,
    "return_4":0.0026184348,
    "log_return":0.0023937541,
    "oc_spread":0.0022640269,
    "macd_hist":0.0017209649,
    "return":0.0013113552,
    "upper_wick":0.0006281847,
    "bb_width":0.0001716838,
    "vol_momentum":-0.0008463912,
    "lower_wick":-0.0016901008,
    "rsi_14":-0.0025268465,
    "vol_ratio":-0.0034309992,
    "bb_position":-0.0034889312,
    "xgb_0":-0.004115321
}