{
    "volatility_regime":0.0097573666,
    "atr_14":0.007670706,
    "vol_momentum":0.0046659184,
    "adx_direction":0.0038262754,
    "vol_ratio":0.003641719,
    "hl_spread":0.0036361417,
    "upper_wick":0.0016511425,
    "macd_hist":0.0015681398,
    "smooth_return":0.001542783,
    "low_return":0.0015113603,
    "ema_cross":0.0013991572,
    "bb_width":0.0010529715,
    "vol_return":0.0005087187,
    "high_return":0.0001923982,
    "close_return":0.0001387727,
    "lower_wick":0.0001177189,
    "open_return":-0.0000472625,
    "bb_position":-0.0001999358,
    "dist_ema100":-0.0002197387,
    "dist_ema50":-0.0011823223,
    "dist_ema15":-0.0016179136,
    "oc_spread":-0.0017750884,
    "rsi_14":-0.0035688113
}