{
    "xgb_1":0.0124774482,
    "atr_14":0.0113870136,
    "rsi_14":0.0069895165,
    "volatility_regime":0.0067958885,
    "bb_position":0.0065378163,
    "xgb_2":0.0040284412,
    "upper_wick":0.0030411225,
    "log_return_4":0.0015110531,
    "bb_width":0.0012726512,
    "normalised_ema50":0.0012572658,
    "ema_cross":0.0009032151,
    "xgb_0":0.0008545808,
    "normalised_ema15":0.0006526241,
    "return_4":0.0004054826,
    "vol_momentum":0.0003317571,
    "macd_hist":-0.0009186632,
    "return":-0.001043859,
    "oc_spread":-0.0012008316,
    "log_return":-0.0016062348,
    "lower_wick":-0.0051408968,
    "vol_ratio":-0.0084469123,
    "hl_spread":-0.0094490921
}