{
    "ema_cross":0.023524083,
    "rsi_14":0.0186170957,
    "bb_width":0.0155169046,
    "normalised_ema50":0.0144586707,
    "volatility_regime":0.0117715625,
    "atr_14":0.0105823697,
    "vol_momentum":0.0099088482,
    "normalised_ema15":0.0086837619,
    "lower_wick":0.0084382575,
    "return_4":0.0079369043,
    "upper_wick":0.0072936739,
    "return":0.0062807897,
    "bb_position":0.0061566609,
    "hl_spread":0.0059696072,
    "close_return":0.0056394571,
    "high_return":0.0052229512,
    "open_return":0.0051374127,
    "macd_hist":0.0050656242,
    "low_return":0.0049728822,
    "oc_spread":0.0046524261,
    "log_return_4":0.0044812765,
    "log_return":0.0034743355,
    "vol_ratio":0.0013605332
}