{
    "bb_width":0.0133239577,
    "dist_ema50":0.00960517,
    "volatility_regime":0.0080662359,
    "smooth_return":0.0053365115,
    "macd_hist":0.003267096,
    "hl_spread":0.0025865332,
    "atr_14":0.0005028756,
    "lower_wick":0.000252794,
    "open_return":0.000064083,
    "low_return":-0.0001332324,
    "ema_cross":-0.0006010147,
    "upper_wick":-0.001971729,
    "high_return":-0.0055339726,
    "vol_ratio":-0.0191287308
}