{
    "modelParams": {
        "hidden_size": 192,
        "num_layers": 1,
        "dropout": 0.11995915034865302,
        "num_filters": 48,
        "kernel_size": 5
    },
    "lookback": 20,
    "allParams": {
        "hidden_size": 192,
        "num_layers": 1,
        "dropout": 0.11995915034865302,
        "lookback": 20,
        "optimiser": "RMSprop",
        "lr": 0.0009695987228561543,
        "weight_decay": 0.0009428345262171545,
        "batch_size": 512,
        "clip_grad_norm": 5.077873565190529,
        "num_filters": 48,
        "kernel_size": 5
    }
}