{
    "hidden_size": 768,
    "dropout": 0.16320304045195633,
    "lookback": 20,
    "optimiser": "Adam",
    "lr": 0.0004838043314579768,
    "weight_decay": 1.1393987491238063e-05,
    "batch_size": 256,
    "clip_grad_norm": 5.085775339525905
}