{
    "modelParams": {
        "hidden_size": 64,
        "num_layers": 3,
        "dropout": 0.4555575560969439,
        "num_filters": 32,
        "kernel_size": 7
    },
    "lookback": 25,
    "allParams": {
        "hidden_size": 64,
        "num_layers": 3,
        "dropout": 0.4555575560969439,
        "lookback": 25,
        "optimiser": "AdamW",
        "lr": 0.00377629884405535,
        "weight_decay": 0.00022575592583599655,
        "batch_size": 128,
        "clip_grad_norm": 4.149661064773755,
        "num_filters": 32,
        "kernel_size": 7
    }
}