{
    "modelParams": {
        "hidden_size": 192,
        "num_layers": 1,
        "dropout": 0.2754821330139536,
        "num_filters": 24,
        "kernel_size": 3
    },
    "lookback": 20,
    "allParams": {
        "hidden_size": 192,
        "num_layers": 1,
        "dropout": 0.4754821330139536,
        "lookback": 20,
        "optimiser": "RMSprop",
        "lr": 0.0026099444246318153,
        "weight_decay": 0.0003399292358733169,
        "batch_size": 512,
        "clip_grad_norm": 5.439400979244135,
        "num_filters": 24,
        "kernel_size": 3
    }
}