{
    "modelParams": {
        "hidden_size": 200,
        "num_layers": 1,
        "dropout": 0.45344821289947745,
        "num_filters": 32,
        "kernel_size": 3
    },
    "lookback": 20,
    "allParams": {
        "hidden_size": 200,
        "num_layers": 1,
        "dropout": 0.45344821289947745,
        "lookback": 20,
        "optimiser": "RMSprop",
        "lr": 0.0008587872134464722,
        "weight_decay": 0.00230350942300558,
        "batch_size": 768,
        "clip_grad_norm": 5.4429645958740025,
        "num_filters": 32,
        "kernel_size": 3
    }
}