{
    "hidden_size": 768,
    "num_layers": 2,
    "dropout": 0.29896884549061337,
    "lookback": 40,
    "optimiser": "RMSprop",
    "lr": 0.0003309291333803658,
    "weight_decay": 9.413673396908964e-05,
    "batch_size": 1024,
    "num_filters": 64
}