{
    "hidden_size": 512,
    "num_layers": 2,
    "dropout": 0.4693564408290383,
    "lookback": 15,
    "optimiser": "RMSprop",
    "lr": 0.00040508520382969836,
    "weight_decay": 3.369583013004935e-05,
    "batch_size": 512,
    "clip_grad_norm": 5.239753088266116,
    "num_filters": 128,
    "kernel_size": 7
}