{
    "modelParams": {
        "hidden_size": 512,
        "num_layers": 1,
        "dropout": 0.08643483853978319,
        "num_filters": 16,
        "kernel_size": 5
    },
    "lookback": 20,
    "allParams": {
        "hidden_size": 512,
        "num_layers": 1,
        "dropout": 0.08643483853978319,
        "lookback": 20,
        "optimiser": "RMSprop",
        "lr": 9.290021344720857e-05,
        "weight_decay": 0.0001454682700059246,
        "batch_size": 512,
        "clip_grad_norm": 6.389519807921508,
        "num_filters": 16,
        "kernel_size": 5
    }
}