{
    "modelParams": {
        "hidden_size": 192,
        "num_layers": 1,
        "dropout": 0.12347024563268397,
        "num_filters": 32,
        "kernel_size": 5
    },
    "lookback": 20,
    "allParams": {
        "hidden_size": 192,
        "num_layers": 1,
        "dropout": 0.12347024563268397,
        "lookback": 20,
        "optimiser": "RMSprop",
        "lr": 0.0004259571256906852,
        "weight_decay": 0.0007261265355922783,
        "batch_size": 512,
        "clip_grad_norm": 4.601038529715379,
        "num_filters": 32,
        "kernel_size": 5
    }
}