{
    "modelParams": {
        "hidden_size": 384,
        "num_layers": 1,
        "dropout": 0.38071913778937205,
        "num_filters": 32,
        "kernel_size": 5
    },
    "lookback": 20,
    "allParams": {
        "hidden_size": 384,
        "num_layers": 1,
        "dropout": 0.38071913778937205,
        "lookback": 20,
        "optimiser": "RMSprop",
        "lr": 0.00047171559401035934,
        "weight_decay": 0.0016216128628421813,
        "batch_size": 256,
        "clip_grad_norm": 5.2093969383573056,
        "num_filters": 32,
        "kernel_size": 5
    }
}