{
    "modelParams": {
        "hidden_size": 300,
        "num_layers": 1,
        "dropout": 0.4139906708802119,
        "num_filters": 96,
        "kernel_size": 5
    },
    "lookback": 15,
    "allParams": {
        "hidden_size": 300,
        "num_layers": 1,
        "dropout": 0.4139906708802119,
        "lookback": 15,
        "optimiser": "Adam",
        "lr": 0.0007568450659644952,
        "weight_decay": 0.0004009673519964813,
        "batch_size": 768,
        "clip_grad_norm": 4.439533266577831,
        "num_filters": 96,
        "kernel_size": 5
    }
}